book,review,state,price
R Made Easy,Excellent,Texas,19.99
R For Dummies,Fair,New York,15.99
R Made Easy,Excellent,New York,19.99
R Made Easy,Poor,Florida,19.99
Secrets Of R For Advanced Students,Great,Texas,50
R Made Easy,NA,California,19.99
R Made Easy,Great,Florida,19.99
R Made Easy,Poor,California,19.99
Top 10 Mistakes R Beginners Make,Fair,California,29.99
Secrets Of R For Advanced Students,Fair,Texas,50
R Made Easy,Great,New York,19.99
Top 10 Mistakes R Beginners Make,Fair,Texas,29.99
Top 10 Mistakes R Beginners Make,Good,California,29.99
Secrets Of R For Advanced Students,Excellent,California,50
R For Dummies,Good,Florida,15.99
Top 10 Mistakes R Beginners Make,Fair,Florida,29.99
R For Dummies,Great,California,15.99
Top 10 Mistakes R Beginners Make,Poor,Florida,29.99
R For Dummies,Excellent,California,15.99
Top 10 Mistakes R Beginners Make,Fair,Texas,29.99
R Made Easy,Good,California,19.99
Top 10 Mistakes R Beginners Make,Poor,Florida,29.99
R For Dummies,Poor,California,15.99
Top 10 Mistakes R Beginners Make,Great,New York,29.99
R Made Easy,Poor,New York,19.99
Secrets Of R For Advanced Students,Poor,Florida,50
Secrets Of R For Advanced Students,Poor,New York,50
Top 10 Mistakes R Beginners Make,Good,New York,29.99
R For Dummies,Great,Texas,15.99
R For Dummies,Good,California,15.99
R Made Easy,Fair,California,19.99
Fundamentals of R For Beginners,Great,New York,39.99
R For Dummies,Good,Florida,15.99
R Made Easy,Good,New York,19.99
R For Dummies,Great,Texas,15.99
R For Dummies,Fair,Texas,15.99
Secrets Of R For Advanced Students,Fair,New York,50
Fundamentals of R For Beginners,Great,New York,39.99
Secrets Of R For Advanced Students,Great,Texas,50
R For Dummies,Great,Texas,15.99
R Made Easy,Good,Texas,19.99
Secrets Of R For Advanced Students,Excellent,Florida,50
R Made Easy,Great,California,39.99
Fundamentals of R For Beginners,Poor,Texas,39.99
Fundamentals of R For Beginners,Excellent,Florida,29.99
Top 10 Mistakes R Beginners Make,NA,Texas,15.99
R For Dummies,Excellent,California,15.99
R For Dummies,Poor,Texas,15.99
R For Dummies,Poor,Texas,29.99
Top 10 Mistakes R Beginners Make,NA,Florida,29.99
Secrets Of R For Advanced Students,Poor,Florida,50
Fundamentals of R For Beginners,Good,New York,39.99
R Made Easy,Excellent,California,19.99
R For Dummies,NA,Florida,15.99
Top 10 Mistakes R Beginners Make,Great,Texas,29.99
Top 10 Mistakes R Beginners Make,Excellent,California,29.99
Fundamentals of R For Beginners,Excellent,Texas,39.99
Top 10 Mistakes R Beginners Make,Excellent,California,29.99
R Made Easy,Great,California,19.99
Top 10 Mistakes R Beginners Make,Great,Texas,29.99
